{
  "Enable": {
    "Value": false
  },
  "EmptyMain": {},
  "RefreshArea": {},
  "Profiles": {
    "Value": "global"
  },
  "MainMenuKeyToggle": {
    "Value": 123
  },
  "ForceForeground": {
    "Value": false
  },
  "AutoPrepareUpdate": {
    "Value": false
  },
  "EmptyMessages": {},
  "ShowInformationMessages": {
    "Value": true
  },
  "ShowErrorMessages": {
    "Value": true
  },
  "ShowDebugMessages": {
    "Value": true
  },
  "ShowDebugLog": {
    "Value": false
  },
  "ShowDebugWindow": {
    "Value": false
  },
  "CollectDebugInformation": {
    "Value": true
  },
  "EmptyPerfomance": {},
  "Threads": {
    "Value": 1
  },
  "VSync": {
    "Value": false
  },
  "DynamicFPS": {
    "Value": false
  },
  "DynamicPercent": {
    "Value": 100
  },
  "MinimalFpsForDynamic": {
    "Value": 60
  },
  "TargetFps": {
    "Value": 60
  },
  "TargetParallelFPS": {
    "Value": 60
  },
  "EntitiesUpdate": {
    "Value": 60
  },
  "ParseServerEntities": {
    "Value": false
  },
  "CollectEntitiesInParallelWhenMoreThanX": {
    "Value": false
  },
  "LimitDrawPlot": {
    "Value": 0.2
  },
  "CriticalTimeForPlugin": {
    "Value": 100
  },
  "EmptyMultithread": {},
  "MultiThreadLoadPlugins": {
    "Value": false
  },
  "CoroutineMultiThreading": {
    "Value": true
  },
  "AddedMultiThread": {
    "Value": false
  },
  "ParseEntitiesInMultiThread": {
    "Value": false
  },
  "EmptyMiscellaneous": {},
  "Font": {
    "Value": "Default:13"
  },
  "FontSize": {
    "Value": 13
  },
  "Volume": {
    "Value": 100
  }
}